<?xml version="1.0" encoding="UTF-8"?>
<beans xmlns="http://www.springframework.org/schema/beans"
	xmlns:xsi="http://www.w3.org/2001/XMLSchema-instance"
	xmlns:aop="http://www.springframework.org/schema/aop"
	xmlns:mybatis-spring="http://mybatis.org/schema/mybatis-spring"
	xmlns:jdbc="http://www.springframework.org/schema/jdbc"
	xmlns:context="http://www.springframework.org/schema/context"
	xsi:schemaLocation="http://www.springframework.org/schema/jdbc http://www.springframework.org/schema/jdbc/spring-jdbc-3.1.xsd
		http://mybatis.org/schema/mybatis-spring http://mybatis.org/schema/mybatis-spring-1.2.xsd
		http://www.springframework.org/schema/beans https://www.springframework.org/schema/beans/spring-beans.xsd
		http://www.springframework.org/schema/context http://www.springframework.org/schema/context/spring-context-3.1.xsd
		http://www.springframework.org/schema/aop http://www.springframework.org/schema/aop/spring-aop-3.1.xsd">
	
	<!-- Root Context: defines shared resources visible to all other web components -->
		
	
	<bean id="dataSource"
		class="org.springframework.jdbc.datasource.DriverManagerDataSource"
		scope="singleton">
		<property name="driverClassName"
			value="com.mysql.cj.jdbc.Driver">
		</property>
		<property name="url" value="jdbc:mysql://localhost:3306/shop"></property>
		<property name="username" value="anjo"></property>
		<property name="password" value="1234"></property>
	</bean>
	
	
	<bean id="sqlSessionFactory"
		class="org.mybatis.spring.SqlSessionFactoryBean">
		<property name="dataSource" ref="dataSource"></property>
		<property name="configLocation"
			value="classpath:/mybatis-config.xml">
		</property>
		<property name="mapperLocations"
			value="classpath:mappers/**/*Mapper.xml">
		</property>
	</bean>
	<bean id="sqlSession" class="org.mybatis.spring.SqlSessionTemplate"
		destroy-method="clearCache">
	<constructor-arg name="sqlSessionFactory" ref="sqlSessionFactory"></constructor-arg>
	</bean>
	<context:component-scan base-package="com.spring.shop.service"></context:component-scan>
	<context:component-scan base-package="com.spring.shop.dao"></context:component-scan>
	<context:component-scan base-package="com.spring.shop.controller"></context:component-scan>
</beans>
